<?xml version="1.0" encoding="utf-8"?>
<pindata xsi:schemaLocation="http://cypress.com/xsd/cypindata_v2 ../../dtd/cypindata_v2.xsd" device="CY8C5888AXQ-LP096" package="100-TQFP" xmlns:xsi="http://www.w3.org/2001/XMLSchema-instance" xmlns="http://cypress.com/xsd/cypindata_v2">
  <capabilities>
    <capability name="DIGITAL" value="0x0000000000000001" />
    <capability name="ANALOG" value="0x0000000000000002" />
    <capability name="ROUTABLE" value="0x0000000000000004" />
    <capability name="GPIO" value="0x0000000000000010" />
    <capability name="SIO" value="0x0000000000000020" />
    <capability name="OVTIO" value="0x0000000000000040" />
    <capability name="TRUETOUCH" value="0x0000000000000080" />
    <capability name="DAC_HI_OUT" value="0x0000000000000100" />
    <capability name="ABUF_POS" value="0x0000000000000200" />
    <capability name="ABUF_OUT" value="0x0000000000000400" />
    <capability name="ABUF_NEG" value="0x0000000000000800" />
    <capability name="SWD" value="0x0000000000001000" />
    <capability name="SWO" value="0x0000000000002000" />
    <capability name="JTAG" value="0x0000000000004000" />
    <capability name="JTAG_NTRST" value="0x0000000000008000" />
    <capability name="XRES" value="0x0000000000010000" />
    <capability name="TRACE" value="0x0000000000020000" />
    <capability name="WAKEUP" value="0x0000000000040000" />
    <capability name="I2CWKUP_SDA" value="0x0000000000100000" />
    <capability name="I2CWKUP_SCL" value="0x0000000000200000" />
    <capability name="USB_D_PLUS" value="0x0000000000400000" />
    <capability name="USB_D_MINUS" value="0x0000000000800000" />
    <capability name="ECO_MHZ_XO" value="0x0000000001000000" />
    <capability name="ECO_MHZ_XI" value="0x0000000002000000" />
    <capability name="ECO_32KHZ_XO" value="0x0000000004000000" />
    <capability name="ECO_32KHZ_XI" value="0x0000000008000000" />
    <capability name="DSM_EXT_PIN_ONE" value="0x0000000010000000" />
    <capability name="DSM_EXT_PIN_TWO" value="0x0000000020000000" />
    <capability name="SAR_EXT_PIN" value="0x0000000040000000" />
    <capability name="EXTSYNC" value="0x0000000100000000" />
    <capability name="EXTREJECT" value="0x0000000200000000" />
    <capability name="EXTCLK" value="0x0000000400000000" />
    <capability name="EXT_VREF" value="0x0000000800000000" />
    <capability name="PORT_INTERRUPT" value="0x0000001000000000" />
    <capability name="HOTSWAP" value="0x0000002000000000" />
    <capability name="LCD_COM" value="0x0000004000000000" />
    <capability name="LCD_SEG" value="0x0000008000000000" />
    <capability name="CSD_SHIELD_TANK" value="0x0000010000000000" />
    <capability name="CSD_CMOD" value="0x0000020000000000" />
  </capabilities>
  <pins>
    <pin number="1" name="P2[5]">
      <pad name="P2[5]" number="1" type="GPIO" portId="2" pinId="5" ioSupplyPin="VDDIO2" capabilities="0x000000D000020017">
        <ffbterm ffbtype="TRACE" ffbid="0" term="D1" />
        <ffbterm ffbtype="TRACE" ffbid="0" term="D1" />
      </pad>
    </pin>
    <pin number="2" name="P2[6]">
      <pad name="P2[6]" number="2" type="GPIO" portId="2" pinId="6" ioSupplyPin="VDDIO2" capabilities="0x000000D000020017">
        <ffbterm ffbtype="TRACE" ffbid="0" term="D2" />
        <ffbterm ffbtype="TRACE" ffbid="0" term="D2" />
      </pad>
    </pin>
    <pin number="3" name="P2[7]">
      <pad name="P2[7]" number="3" type="GPIO" portId="2" pinId="7" ioSupplyPin="VDDIO2" capabilities="0x000000D000020017">
        <ffbterm ffbtype="TRACE" ffbid="0" term="D3" />
        <ffbterm ffbtype="TRACE" ffbid="0" term="D3" />
      </pad>
    </pin>
    <pin number="4" name="P12[4]">
      <pad name="P12[4]" number="4" type="SIO" portId="12" pinId="4" ioSupplyPin="VDDIO2" capabilities="0x000000F000200025">
        <ffbterm ffbtype="I2C" ffbid="0" term="scl" />
      </pad>
    </pin>
    <pin number="5" name="P12[5]">
      <pad name="P12[5]" number="5" type="SIO" portId="12" pinId="5" ioSupplyPin="VDDIO2" capabilities="0x000000F000100025">
        <ffbterm ffbtype="I2C" ffbid="0" term="sda" />
      </pad>
    </pin>
    <pin number="6" name="P6[4]">
      <pad name="P6[4]" number="6" type="GPIO" portId="6" pinId="4" ioSupplyPin="VDDIO2" capabilities="0x000000D000000017" />
    </pin>
    <pin number="7" name="P6[5]">
      <pad name="P6[5]" number="7" type="GPIO" portId="6" pinId="5" ioSupplyPin="VDDIO2" capabilities="0x000000D000000017" />
    </pin>
    <pin number="8" name="P6[6]">
      <pad name="P6[6]" number="8" type="GPIO" portId="6" pinId="6" ioSupplyPin="VDDIO2" capabilities="0x000000D000000017" />
    </pin>
    <pin number="9" name="P6[7]">
      <pad name="P6[7]" number="9" type="GPIO" portId="6" pinId="7" ioSupplyPin="VDDIO2" capabilities="0x000000D000000017" />
    </pin>
    <pin number="10" name="VSSB">
      <pad name="VSSB" number="11" type="DEDICATED" ioSupplyPin="-" capabilities="0x0000000000000000" />
      <pad name="VSSB" number="12" type="DEDICATED" ioSupplyPin="-" capabilities="0x0000000000000000" />
    </pin>
    <pin number="11" name="IND">
      <pad name="IND" number="13" type="DEDICATED" ioSupplyPin="-" capabilities="0x0000000000000000" />
      <pad name="IND" number="14" type="DEDICATED" ioSupplyPin="-" capabilities="0x0000000000000000" />
    </pin>
    <pin number="12" name="VB">
      <pad name="VB" number="15" type="DEDICATED" ioSupplyPin="-" capabilities="0x0000000000000000" />
      <pad name="VB" number="16" type="DEDICATED" ioSupplyPin="-" capabilities="0x0000000000000000" />
    </pin>
    <pin number="13" name="VBAT">
      <pad name="VBAT" number="17" type="DEDICATED" ioSupplyPin="-" capabilities="0x0000000000000000" />
    </pin>
    <pin number="14" name="VSSD">
      <pad name="VSSIO" number="18" type="GND" ioSupplyPin="-" powerPadNames="VSSIO" capabilities="0x0000000000000000" />
      <pad name="VSSD" number="19" type="GND" ioSupplyPin="-" powerPadNames="VSSD" capabilities="0x0000000000000000" />
    </pin>
    <pin number="15" name="XRES_N">
      <pad name="XRES_N" number="20" type="DEDICATED" ioSupplyPin="VDDIO1" capabilities="0x0000000000010000">
        <ffbterm ffbtype="XRES" ffbid="0" term="opt" />
      </pad>
    </pin>
    <pin number="16" name="P5[0]">
      <pad name="P5[0]" number="21" type="GPIO" portId="5" pinId="0" ioSupplyPin="VDDIO1" capabilities="0x000000D000000017" />
    </pin>
    <pin number="17" name="P5[1]">
      <pad name="P5[1]" number="22" type="GPIO" portId="5" pinId="1" ioSupplyPin="VDDIO1" capabilities="0x000000D000000017" />
    </pin>
    <pin number="18" name="P5[2]">
      <pad name="P5[2]" number="23" type="GPIO" portId="5" pinId="2" ioSupplyPin="VDDIO1" capabilities="0x000000D000000017" />
    </pin>
    <pin number="19" name="P5[3]">
      <pad name="P5[3]" number="24" type="GPIO" portId="5" pinId="3" ioSupplyPin="VDDIO1" capabilities="0x000000D000000017" />
    </pin>
    <pin number="20" name="P1[0]">
      <pad name="P1[0]" number="25" type="GPIO" portId="1" pinId="0" ioSupplyPin="VDDIO1" capabilities="0x000000D000005017">
        <ffbterm ffbtype="JTAG" ffbid="0" term="tms" />
        <ffbterm ffbtype="SWD" ffbid="0" term="io" />
      </pad>
    </pin>
    <pin number="21" name="P1[1]">
      <pad name="P1[1]" number="26" type="GPIO" portId="1" pinId="1" ioSupplyPin="VDDIO1" capabilities="0x000000D000005017">
        <ffbterm ffbtype="JTAG" ffbid="0" term="tck" />
        <ffbterm ffbtype="SWD" ffbid="0" term="ck" />
      </pad>
    </pin>
    <pin number="22" name="P1[2]">
      <pad name="P1[2]" number="27" type="GPIO" portId="1" pinId="2" ioSupplyPin="VDDIO1" capabilities="0x000000D000010017">
        <ffbterm ffbtype="XRES" ffbid="0" term="opt" />
      </pad>
    </pin>
    <pin number="23" name="P1[3]">
      <pad name="P1[3]" number="28" type="GPIO" portId="1" pinId="3" ioSupplyPin="VDDIO1" capabilities="0x000000D000006017">
        <ffbterm ffbtype="JTAG" ffbid="0" term="tdo" />
        <ffbterm ffbtype="SWD" ffbid="0" term="swv" />
      </pad>
    </pin>
    <pin number="24" name="P1[4]">
      <pad name="P1[4]" number="29" type="GPIO" portId="1" pinId="4" ioSupplyPin="VDDIO1" capabilities="0x000000D000004017">
        <ffbterm ffbtype="JTAG" ffbid="0" term="tdi" />
      </pad>
    </pin>
    <pin number="25" name="P1[5]">
      <pad name="P1[5]" number="30" type="GPIO" portId="1" pinId="5" ioSupplyPin="VDDIO1" capabilities="0x000000D000008017">
        <ffbterm ffbtype="JTAG" ffbid="0" term="ntrst" />
      </pad>
    </pin>
    <pin number="26" name="VDDIO1">
      <pad name="VDDIO1" number="31" type="PWR" ioSupplyPin="VDDIO1" powerPadNames="VDDIO1" capabilities="0x0000000000000000" />
    </pin>
    <pin number="27" name="P1[6]">
      <pad name="P1[6]" number="32" type="GPIO" portId="1" pinId="6" ioSupplyPin="VDDIO1" capabilities="0x000000D000000017" />
    </pin>
    <pin number="28" name="P1[7]">
      <pad name="P1[7]" number="33" type="GPIO" portId="1" pinId="7" ioSupplyPin="VDDIO1" capabilities="0x000000D000000017" />
    </pin>
    <pin number="29" name="P12[6]">
      <pad name="P12[6]" number="34" type="SIO" portId="12" pinId="6" ioSupplyPin="VDDIO1" capabilities="0x000000F000000025" />
    </pin>
    <pin number="30" name="P12[7]">
      <pad name="P12[7]" number="35" type="SIO" portId="12" pinId="7" ioSupplyPin="VDDIO1" capabilities="0x000000F000000025" />
    </pin>
    <pin number="31" name="P5[4]">
      <pad name="P5[4]" number="36" type="GPIO" portId="5" pinId="4" ioSupplyPin="VDDIO1" capabilities="0x000000D000000017" />
    </pin>
    <pin number="32" name="P5[5]">
      <pad name="P5[5]" number="37" type="GPIO" portId="5" pinId="5" ioSupplyPin="VDDIO1" capabilities="0x000000D000000017" />
    </pin>
    <pin number="33" name="P5[6]">
      <pad name="P5[6]" number="38" type="GPIO" portId="5" pinId="6" ioSupplyPin="VDDIO1" capabilities="0x000000D000000017" />
    </pin>
    <pin number="34" name="P5[7]">
      <pad name="P5[7]" number="39" type="GPIO" portId="5" pinId="7" ioSupplyPin="VDDIO1" capabilities="0x000000D000000017" />
    </pin>
    <pin number="35" name="P15[6]">
      <pad name="P15[6]" number="40" type="USBIO" portId="15" pinId="6" ioSupplyPin="VUSB" capabilities="0x000000D000401005">
        <ffbterm ffbtype="USB" ffbid="0" term="dp" />
        <ffbterm ffbtype="SWD" ffbid="0" term="io" />
      </pad>
    </pin>
    <pin number="36" name="P15[7]">
      <pad name="P15[7]" number="41" type="USBIO" portId="15" pinId="7" ioSupplyPin="VUSB" capabilities="0x000000D000801005">
        <ffbterm ffbtype="USB" ffbid="0" term="dm" />
        <ffbterm ffbtype="SWD" ffbid="0" term="ck" />
      </pad>
    </pin>
    <pin number="37" name="VDDD">
      <pad name="VUSB" number="42" type="PWR" ioSupplyPin="-" powerPadNames="VUSB" capabilities="0x0000000000000000" />
      <pad name="VDDD" number="43" type="PWR" ioSupplyPin="-" powerPadNames="VDDD" capabilities="0x0000000000000000" />
      <pad name="VDDD" number="44" type="PWR" ioSupplyPin="-" powerPadNames="VDDD" capabilities="0x0000000000000000" />
    </pin>
    <pin number="38" name="VSSD">
      <pad name="VSSD" number="45" type="GND" ioSupplyPin="-" powerPadNames="VSSD" capabilities="0x0000000000000000" />
      <pad name="VSSD" number="46" type="GND" ioSupplyPin="-" powerPadNames="VSSD" capabilities="0x0000000000000000" />
    </pin>
    <pin number="39" name="VCCD">
      <pad name="VCCD" number="48" type="PWR" ioSupplyPin="-" powerPadNames="VCCD" capabilities="0x0000000000000000" />
      <pad name="VCCD" number="49" type="PWR" ioSupplyPin="-" powerPadNames="VCCD" capabilities="0x0000000000000000" />
    </pin>
    <pin number="40" name="n/c" />
    <pin number="41" name="n/c" />
    <pin number="42" name="P15[0]">
      <pad name="P15[0]" number="50" type="GPIO" portId="15" pinId="0" ioSupplyPin="VDDIO3" capabilities="0x000000D002000017">
        <ffbterm ffbtype="XTAL" ffbid="0" term="Xo" />
      </pad>
    </pin>
    <pin number="43" name="P15[1]">
      <pad name="P15[1]" number="51" type="GPIO" portId="15" pinId="1" ioSupplyPin="VDDIO3" capabilities="0x000000D002000017">
        <ffbterm ffbtype="XTAL" ffbid="0" term="Xi" />
      </pad>
    </pin>
    <pin number="44" name="P3[0]">
      <pad name="P3[0]" number="52" type="GPIO" portId="3" pinId="0" ioSupplyPin="VDDIO3" capabilities="0x000000D000000117">
        <ffbterm ffbtype="VIDAC" ffbid="1" term="iout" />
      </pad>
    </pin>
    <pin number="45" name="P3[1]">
      <pad name="P3[1]" number="53" type="GPIO" portId="3" pinId="1" ioSupplyPin="VDDIO3" capabilities="0x000000D000000117">
        <ffbterm ffbtype="VIDAC" ffbid="3" term="iout" />
      </pad>
    </pin>
    <pin number="46" name="P3[2]">
      <pad name="P3[2]" number="54" type="GPIO" portId="3" pinId="2" ioSupplyPin="VDDIO3" capabilities="0x000000D820000817">
        <ffbterm ffbtype="OpAmp" ffbid="3" term="vminus" />
        <ffbterm ffbtype="DSM" ffbid="0" term="ext_pin_2" />
      </pad>
    </pin>
    <pin number="47" name="P3[3]">
      <pad name="P3[3]" number="55" type="GPIO" portId="3" pinId="3" ioSupplyPin="VDDIO3" capabilities="0x000000D000000217">
        <ffbterm ffbtype="OpAmp" ffbid="3" term="vplus" />
      </pad>
    </pin>
    <pin number="48" name="P3[4]">
      <pad name="P3[4]" number="56" type="GPIO" portId="3" pinId="4" ioSupplyPin="VDDIO3" capabilities="0x000000D000000817">
        <ffbterm ffbtype="OpAmp" ffbid="1" term="vminus" />
      </pad>
    </pin>
    <pin number="49" name="P3[5]">
      <pad name="P3[5]" number="57" type="GPIO" portId="3" pinId="5" ioSupplyPin="VDDIO3" capabilities="0x000000D000000217">
        <ffbterm ffbtype="OpAmp" ffbid="1" term="vplus" />
      </pad>
    </pin>
    <pin number="50" name="VDDIO3">
      <pad name="VDDIO3" number="58" type="PWR" ioSupplyPin="VDDIO3" powerPadNames="VDDIO3" capabilities="0x0000000000000000" />
    </pin>
    <pin number="51" name="P3[6]">
      <pad name="P3[6]" number="59" type="GPIO" portId="3" pinId="6" ioSupplyPin="VDDIO3" capabilities="0x000000D000000417">
        <ffbterm ffbtype="OpAmp" ffbid="1" term="vout" />
      </pad>
    </pin>
    <pin number="52" name="P3[7]">
      <pad name="P3[7]" number="60" type="GPIO" portId="3" pinId="7" ioSupplyPin="VDDIO3" capabilities="0x000000D000000417">
        <ffbterm ffbtype="OpAmp" ffbid="3" term="vout" />
      </pad>
    </pin>
    <pin number="53" name="P12[0]">
      <pad name="P12[0]" number="61" type="SIO" portId="12" pinId="0" ioSupplyPin="VDDIO3" capabilities="0x000000F000200025">
        <ffbterm ffbtype="I2C" ffbid="0" term="scl" alternative="1" />
      </pad>
    </pin>
    <pin number="54" name="P12[1]">
      <pad name="P12[1]" number="62" type="SIO" portId="12" pinId="1" ioSupplyPin="VDDIO3" capabilities="0x000000F000100025">
        <ffbterm ffbtype="I2C" ffbid="0" term="sda" alternative="1" />
      </pad>
    </pin>
    <pin number="55" name="P15[2]">
      <pad name="P15[2]" number="63" type="GPIO" portId="15" pinId="2" ioSupplyPin="VDDIO3" capabilities="0x000000D008000017">
        <ffbterm ffbtype="XTAL_32kHz" ffbid="0" term="Xo" />
      </pad>
    </pin>
    <pin number="56" name="P15[3]">
      <pad name="P15[3]" number="64" type="GPIO" portId="15" pinId="3" ioSupplyPin="VDDIO3" capabilities="0x000000D008000017">
        <ffbterm ffbtype="XTAL_32kHz" ffbid="0" term="Xi" />
      </pad>
    </pin>
    <pin number="57" name="n/c" />
    <pin number="58" name="n/c" />
    <pin number="59" name="n/c" />
    <pin number="60" name="n/c" />
    <pin number="61" name="n/c" />
    <pin number="62" name="n/c" />
    <pin number="63" name="VCCA">
      <pad name="VCCA" number="65" type="PWR" ioSupplyPin="-" powerPadNames="VCCA" capabilities="0x0000000000000000" />
    </pin>
    <pin number="64" name="VSSA">
      <pad name="VSSABUF" number="66" type="GND" ioSupplyPin="-" powerPadNames="VSSABUF" capabilities="0x0000000000000000" />
      <pad name="VSSA" number="67" type="GND" ioSupplyPin="-" powerPadNames="VSSA" capabilities="0x0000000000000000" />
    </pin>
    <pin number="65" name="VDDA">
      <pad name="VDDABUF" number="68" type="PWR" ioSupplyPin="-" powerPadNames="VDDABUF" capabilities="0x0000000000000000" />
      <pad name="VDDA" number="69" type="PWR" ioSupplyPin="-" powerPadNames="VDDA" capabilities="0x0000000000000000" />
    </pin>
    <pin number="66" name="VSSD">
      <pad name="VSSIO" number="70" type="GND" ioSupplyPin="-" powerPadNames="VSSIO" capabilities="0x0000000000000000" />
      <pad name="VSSD" number="71" type="GND" ioSupplyPin="-" powerPadNames="VSSD" capabilities="0x0000000000000000" />
    </pin>
    <pin number="67" name="P12[2]">
      <pad name="P12[2]" number="72" type="SIO" portId="12" pinId="2" ioSupplyPin="VDDIO0" capabilities="0x000000F000000025" />
    </pin>
    <pin number="68" name="P12[3]">
      <pad name="P12[3]" number="73" type="SIO" portId="12" pinId="3" ioSupplyPin="VDDIO0" capabilities="0x000000F000000025" />
    </pin>
    <pin number="69" name="P4[0]">
      <pad name="P4[0]" number="74" type="GPIO" portId="4" pinId="0" ioSupplyPin="VDDIO0" capabilities="0x000000D000000017" />
    </pin>
    <pin number="70" name="P4[1]">
      <pad name="P4[1]" number="75" type="GPIO" portId="4" pinId="1" ioSupplyPin="VDDIO0" capabilities="0x000000D000000017" />
    </pin>
    <pin number="71" name="P0[0]">
      <pad name="P0[0]" number="76" type="GPIO" portId="0" pinId="0" ioSupplyPin="VDDIO0" capabilities="0x000000D000000417">
        <ffbterm ffbtype="OpAmp" ffbid="2" term="vout" />
      </pad>
    </pin>
    <pin number="72" name="P0[1]">
      <pad name="P0[1]" number="77" type="GPIO" portId="0" pinId="1" ioSupplyPin="VDDIO0" capabilities="0x000000D000000417">
        <ffbterm ffbtype="OpAmp" ffbid="0" term="vout" />
      </pad>
    </pin>
    <pin number="73" name="P0[2]">
      <pad name="P0[2]" number="78" type="GPIO" portId="0" pinId="2" ioSupplyPin="VDDIO0" capabilities="0x000000D040000217">
        <ffbterm ffbtype="OpAmp" ffbid="0" term="vplus" />
        <ffbterm ffbtype="SAR" ffbid="1" term="ext_pin" />
      </pad>
    </pin>
    <pin number="74" name="P0[3]">
      <pad name="P0[3]" number="79" type="GPIO" portId="0" pinId="3" ioSupplyPin="VDDIO0" capabilities="0x000000D810000817">
        <ffbterm ffbtype="OpAmp" ffbid="0" term="vminus" />
        <ffbterm ffbtype="DSM" ffbid="0" term="ext_pin_1" />
      </pad>
    </pin>
    <pin number="75" name="VDDIO0">
      <pad name="VDDIO0" number="80" type="PWR" ioSupplyPin="VDDIO0" powerPadNames="VDDIO0" capabilities="0x0000000000000000" />
    </pin>
    <pin number="76" name="P0[4]">
      <pad name="P0[4]" number="81" type="GPIO" portId="0" pinId="4" ioSupplyPin="VDDIO0" capabilities="0x000000D040000217">
        <ffbterm ffbtype="OpAmp" ffbid="2" term="vplus" />
        <ffbterm ffbtype="SAR" ffbid="0" term="ext_pin" />
      </pad>
    </pin>
    <pin number="77" name="P0[5]">
      <pad name="P0[5]" number="82" type="GPIO" portId="0" pinId="5" ioSupplyPin="VDDIO0" capabilities="0x000000D000000817">
        <ffbterm ffbtype="OpAmp" ffbid="2" term="vminus" />
      </pad>
    </pin>
    <pin number="78" name="P0[6]">
      <pad name="P0[6]" number="83" type="GPIO" portId="0" pinId="6" ioSupplyPin="VDDIO0" capabilities="0x000000D000000117">
        <ffbterm ffbtype="VIDAC" ffbid="0" term="iout" />
      </pad>
    </pin>
    <pin number="79" name="P0[7]">
      <pad name="P0[7]" number="84" type="GPIO" portId="0" pinId="7" ioSupplyPin="VDDIO0" capabilities="0x000000D000000117">
        <ffbterm ffbtype="VIDAC" ffbid="2" term="iout" />
      </pad>
    </pin>
    <pin number="80" name="P4[2]">
      <pad name="P4[2]" number="85" type="GPIO" portId="4" pinId="2" ioSupplyPin="VDDIO0" capabilities="0x000000D000000017" />
    </pin>
    <pin number="81" name="P4[3]">
      <pad name="P4[3]" number="86" type="GPIO" portId="4" pinId="3" ioSupplyPin="VDDIO0" capabilities="0x000000D000000017" />
    </pin>
    <pin number="82" name="P4[4]">
      <pad name="P4[4]" number="87" type="GPIO" portId="4" pinId="4" ioSupplyPin="VDDIO0" capabilities="0x000000D000000017" />
    </pin>
    <pin number="83" name="P4[5]">
      <pad name="P4[5]" number="88" type="GPIO" portId="4" pinId="5" ioSupplyPin="VDDIO0" capabilities="0x000000D000000017" />
    </pin>
    <pin number="84" name="P4[6]">
      <pad name="P4[6]" number="89" type="GPIO" portId="4" pinId="6" ioSupplyPin="VDDIO0" capabilities="0x000000D000000017" />
    </pin>
    <pin number="85" name="P4[7]">
      <pad name="P4[7]" number="90" type="GPIO" portId="4" pinId="7" ioSupplyPin="VDDIO0" capabilities="0x000000D000000017" />
    </pin>
    <pin number="86" name="VCCD">
      <pad name="VCCD" number="91" type="PWR" ioSupplyPin="-" powerPadNames="VCCD" capabilities="0x0000000000000000" />
      <pad name="VCCD" number="92" type="PWR" ioSupplyPin="-" powerPadNames="VCCD" capabilities="0x0000000000000000" />
    </pin>
    <pin number="87" name="VSSD">
      <pad name="VSSD" number="93" type="GND" ioSupplyPin="-" powerPadNames="VSSD" capabilities="0x0000000000000000" />
      <pad name="VSSD" number="94" type="GND" ioSupplyPin="-" powerPadNames="VSSD" capabilities="0x0000000000000000" />
    </pin>
    <pin number="88" name="VDDD">
      <pad name="VDDD" number="96" type="PWR" ioSupplyPin="-" powerPadNames="VDDD" capabilities="0x0000000000000000" />
      <pad name="VDDD" number="97" type="PWR" ioSupplyPin="-" powerPadNames="VDDD" capabilities="0x0000000000000000" />
    </pin>
    <pin number="89" name="P6[0]">
      <pad name="P6[0]" number="98" type="GPIO" portId="6" pinId="0" ioSupplyPin="VDDIO2" capabilities="0x000000D000000017" />
    </pin>
    <pin number="90" name="P6[1]">
      <pad name="P6[1]" number="99" type="GPIO" portId="6" pinId="1" ioSupplyPin="VDDIO2" capabilities="0x000000D000000017" />
    </pin>
    <pin number="91" name="P6[2]">
      <pad name="P6[2]" number="100" type="GPIO" portId="6" pinId="2" ioSupplyPin="VDDIO2" capabilities="0x000000D000000017" />
    </pin>
    <pin number="92" name="P6[3]">
      <pad name="P6[3]" number="101" type="GPIO" portId="6" pinId="3" ioSupplyPin="VDDIO2" capabilities="0x000000D000000017" />
    </pin>
    <pin number="93" name="P15[4]">
      <pad name="P15[4]" number="102" type="GPIO" portId="15" pinId="4" ioSupplyPin="VDDIO2" capabilities="0x000000D000000017" />
    </pin>
    <pin number="94" name="P15[5]">
      <pad name="P15[5]" number="104" type="GPIO" portId="15" pinId="5" ioSupplyPin="VDDIO2" capabilities="0x000000D000000017" />
    </pin>
    <pin number="95" name="P2[0]">
      <pad name="P2[0]" number="105" type="GPIO" portId="2" pinId="0" ioSupplyPin="VDDIO2" capabilities="0x000000D000000017" />
    </pin>
    <pin number="96" name="P2[1]">
      <pad name="P2[1]" number="106" type="GPIO" portId="2" pinId="1" ioSupplyPin="VDDIO2" capabilities="0x000000D000000017" />
    </pin>
    <pin number="97" name="P2[2]">
      <pad name="P2[2]" number="107" type="GPIO" portId="2" pinId="2" ioSupplyPin="VDDIO2" capabilities="0x000000D000000017" />
    </pin>
    <pin number="98" name="P2[3]">
      <pad name="P2[3]" number="108" type="GPIO" portId="2" pinId="3" ioSupplyPin="VDDIO2" capabilities="0x000000D000020017">
        <ffbterm ffbtype="TRACE" ffbid="0" term="CLK" />
        <ffbterm ffbtype="TRACE" ffbid="0" term="CLK" />
      </pad>
    </pin>
    <pin number="99" name="P2[4]">
      <pad name="P2[4]" number="109" type="GPIO" portId="2" pinId="4" ioSupplyPin="VDDIO2" capabilities="0x000000D000020017">
        <ffbterm ffbtype="TRACE" ffbid="0" term="D0" />
        <ffbterm ffbtype="TRACE" ffbid="0" term="D0" />
      </pad>
    </pin>
    <pin number="100" name="VDDIO2">
      <pad name="VDDIO2" number="110" type="PWR" ioSupplyPin="VDDIO2" powerPadNames="VDDIO2" capabilities="0x0000000000000000" />
    </pin>
  </pins>
</pindata>